ncrxEntryPoint,mstRouteCom.dll,Exported Function
ImstRouteShelves::Remove,mstRouteCom.dll,COM Method
ImstRouteShelves::Item,mstRouteCom.dll,COM Method
ImstRouteShelves::Count,mstRouteCom.dll,COM Property
ImstRouteShelves::Add,mstRouteCom.dll,COM Method
ImstRouteShelves::_NewEnum,mstRouteCom.dll,COM Property
ImstRouteShelf::Width,mstRouteCom.dll,COM Property
ImstRouteShelf::Reserve,mstRouteCom.dll,COM Property
ImstRouteShelf::Offset,mstRouteCom.dll,COM Property
ImstRouteShelf::Id,mstRouteCom.dll,COM Property
ImstRouteShelf::Hilite,mstRouteCom.dll,COM Property
ImstRouteShelf::Height,mstRouteCom.dll,COM Property
ImstRouteShelf::Elevation,mstRouteCom.dll,COM Property
ImstRouteShelf::Element,mstRouteCom.dll,COM Property
ImstRoutePrototype::Visible,mstRouteCom.dll,COM Property
ImstRoutePrototype::Update,mstRouteCom.dll,COM Method
ImstRoutePrototype::TrueColor,mstRouteCom.dll,COM Property
ImstRoutePrototype::TransformBy,mstRouteCom.dll,COM Method
ImstRoutePrototype::StartPosition,mstRouteCom.dll,COM Property
ImstRoutePrototype::ShowDir,mstRouteCom.dll,COM Property
ImstRoutePrototype::Shelves,mstRouteCom.dll,COM Property
ImstRoutePrototype::SetXData,mstRouteCom.dll,COM Method
ImstRoutePrototype::ScaleEntity,mstRouteCom.dll,COM Method
ImstRoutePrototype::Rotate3D,mstRouteCom.dll,COM Method
ImstRoutePrototype::Rotate,mstRouteCom.dll,COM Method
ImstRoutePrototype::Radius,mstRouteCom.dll,COM Property
ImstRoutePrototype::ProfileType,mstRouteCom.dll,COM Property
ImstRoutePrototype::PlotStyleName,mstRouteCom.dll,COM Property
ImstRoutePrototype::OwnerID,mstRouteCom.dll,COM Property
ImstRoutePrototype::ObjectName,mstRouteCom.dll,COM Property
ImstRoutePrototype::ObjectID,mstRouteCom.dll,COM Property
ImstRoutePrototype::Normal,mstRouteCom.dll,COM Property
ImstRoutePrototype::Move,mstRouteCom.dll,COM Method
ImstRoutePrototype::Mirror3D,mstRouteCom.dll,COM Method
ImstRoutePrototype::Mirror,mstRouteCom.dll,COM Method
ImstRoutePrototype::Material,mstRouteCom.dll,COM Property
ImstRoutePrototype::Lineweight,mstRouteCom.dll,COM Property
ImstRoutePrototype::LinetypeScale,mstRouteCom.dll,COM Property
ImstRoutePrototype::Linetype,mstRouteCom.dll,COM Property
ImstRoutePrototype::Length,mstRouteCom.dll,COM Property
ImstRoutePrototype::Layer,mstRouteCom.dll,COM Property
ImstRoutePrototype::IntersectWith,mstRouteCom.dll,COM Method
ImstRoutePrototype::Hyperlinks,mstRouteCom.dll,COM Property
ImstRoutePrototype::Highlight,mstRouteCom.dll,COM Method
ImstRoutePrototype::HideIntermConstr,mstRouteCom.dll,COM Property
ImstRoutePrototype::HasExtensionDictionary,mstRouteCom.dll,COM Property
ImstRoutePrototype::Handle,mstRouteCom.dll,COM Property
ImstRoutePrototype::GetXData,mstRouteCom.dll,COM Method
ImstRoutePrototype::GetExtensionDictionary,mstRouteCom.dll,COM Method
ImstRoutePrototype::GetBoundingBox,mstRouteCom.dll,COM Method
ImstRoutePrototype::Erase,mstRouteCom.dll,COM Method
ImstRoutePrototype::EntityType,mstRouteCom.dll,COM Property
ImstRoutePrototype::EntityName,mstRouteCom.dll,COM Property
ImstRoutePrototype::EndPosition,mstRouteCom.dll,COM Property
ImstRoutePrototype::Element,mstRouteCom.dll,COM Property
ImstRoutePrototype::Document,mstRouteCom.dll,COM Property
ImstRoutePrototype::Delete,mstRouteCom.dll,COM Method
ImstRoutePrototype::Database,mstRouteCom.dll,COM Property
ImstRoutePrototype::Copy,mstRouteCom.dll,COM Method
ImstRoutePrototype::color,mstRouteCom.dll,COM Property
ImstRoutePrototype::BendType,mstRouteCom.dll,COM Property
ImstRoutePrototype::ArrayRectangular,mstRouteCom.dll,COM Method
ImstRoutePrototype::ArrayPolar,mstRouteCom.dll,COM Method
ImstRoutePrototype::Application,mstRouteCom.dll,COM Property
